{
    "Tc-hupper": {
        "classe": "huppermage",
        "ini": 1,
        "image_path": "ressources\\img_overlay\\heads/170_1.png"
    },
    "Tc-fecaa": {
        "classe": "feca",
        "ini": 1,
        "image_path": "ressources\\img_overlay\\heads/11_1.png"
    },
    "Reedix": {
        "classe": "eliotrope",
        "ini": 0,
        "image_path": "ressources\\img_overlay\\heads/160_1.png"
    },
    "Tc-arc": {
        "classe": "cra",
        "ini": 2,
        "image_path": "ressources\\img_overlay\\heads/90_1.png"
    },
    "Indimo": {
        "classe": "iop",
        "ini": 3,
        "image_path": "ressources\\img_overlay\\heads/80_1.png"
    },
    "Divahle": {
        "classe": "Feca",
        "ini": 6
    },
    "Chamontorm": {
        "classe": "sacrieur",
        "ini": 6
    },
    "Tonnedeplumes": {
        "classe": "",
        "ini": 0
    },
    "Holexand": {
        "classe": "",
        "ini": 0,
        "image_path": "ressources\\img_overlay\\heads/120_1.png"
    }
}